Cliente,Janeiro,Fevereiro,Março,Abril,Maio,Junho,Julho,Agosto,Setembro,Outubro,Novembro,Dezembro
CAFE,0.00,0.00,0.00,0.00,0.00,0.00,29326.87,44961.99,,,,
TRAEL,0.00,0.00,0.00,0.00,0.00,0.00,295.22,20405.25,,,,
MILAN,10069.65,9961.42,10922.62,12017.19,12402.59,12127.41,13974.08,13089.39,,,,
MINEIRO,6270.57,5987.79,8123.65,5480.60,6882.15,6184.16,6351.41,7458.24,,,,
GRECA,5149.12,2103.33,3979.16,4093.11,5828.73,6090.92,7134.25,7041,89,,,,
SANEAR MT,2350.40,1981.25,2746.20,3987.59,3850.93,4514.10,5140.56,3928,57,,,,
SAN CRISTO,1626.02,1732.65,1940.80,1774.06,1944.60,2037.49,2182.25,2285,79,,,,
EXCELÊNCIA RAÇÕES,405.67,733.90,397.41,1110.25,1070.02,1697.80,0.00,1444,45,,,,
SOLUÇÃO,0.00,0.00,0.00,0.00,0.00,0.00,0.00,0.00,,,,
